{
    "total_songs_played": 54,
    "vector_total": [
        26.5378,
        27.189000000000014,
        38.28500000000001,
        18.156000000000013,
        18.020553000000003,
        3.8704000000000027
    ],
    "vector_avg": [
        0.49144074074074073,
        0.5035000000000003,
        0.7089814814814817,
        0.3362222222222225,
        0.3337139444444445,
        0.07167407407407413
    ],
    "genres_total": {
        "Rock": 15,
        "Punk": 9,
        "Country": 10,
        "Progressive Rock": 8,
        "Funk Rock": 8,
        "Metal": 1,
        "Reggae": 1,
        "Ambient": 2
    },
    "artists_total": {
        "The Doors": 15,
        "Billy Idol": 9,
        "The Cars": 9,
        "The Romantics": 9,
        "Men At Work": 9,
        "Johnny Cash": 10,
        "The Highwaymen": 10,
        "Waylon Jennings": 10,
        "Hank Williams": 10,
        "Pink Floyd": 8,
        "David Gilmour": 8,
        "Roger Waters": 8,
        "Jethro Tull": 8,
        "Red Hot Chili Peppers": 8,
        "Foo Fighters": 8,
        "Audioslave": 9,
        "Incubus": 8,
        "Jim Morrison": 14,
        "Jefferson Airplane": 14,
        "Janis Joplin": 14,
        "Rage Against the Machine": 1,
        "Faith No More": 1,
        "Prophets Of Rage": 1,
        "Joe Higgs": 1,
        "The Heptones": 1,
        "I-Roy": 1,
        "Yabby You": 1,
        "Electrypnose": 2,
        "Fungus Funk": 2,
        "Sensient": 2,
        "KLIMENT": 2
    }
}